safety_threshold,total_cost_usd,total_co2e_tonnes,fleet_size,avg_safety_score,total_dwt,total_fuel_tonnes,total_fuel_cost,total_carbon_cost,total_capex,total_risk_premium
2.5,19706493.720250208,13095.277228879193,21,3.238095238095238,4577756,4599.573706888357,3332168.2390725464,1047622.1783103356,15203370.8625,123332.44036732454
3.0,19706493.720250208,13095.277228879193,21,3.238095238095238,4577756,4599.573706888357,3332168.2390725464,1047622.1783103356,15203370.8625,123332.44036732454
3.5,19706493.720250208,13095.277228879193,21,3.238095238095238,4577756,4599.573706888357,3332168.2390725464,1047622.1783103356,15203370.8625,123332.44036732454
4.0,19706493.720250208,13095.277228879193,21,3.238095238095238,4577756,4599.573706888357,3332168.2390725464,1047622.1783103356,15203370.8625,123332.44036732454
4.5,19706493.720250208,13095.277228879193,21,3.238095238095238,4577756,4599.573706888357,3332168.2390725464,1047622.1783103356,15203370.8625,123332.44036732454
