safety_threshold,total_dwt,total_cost_usd,avg_safety_score,num_unique_main_engine_fuel_types,fleet_size,total_fuel_tonnes,total_co2e_tonnes
2.5,4150058,93381882.26229186,2.923076923076923,8,26,69228.40882658494,177795.23357286866
3.0,4151907,93530408.34142922,3.0,8,26,70301.1124388111,192746.06416620425
3.5,4156308,94924220.94990551,3.5,8,26,70884.39612723592,192108.77262279918
4.0,4150248,98361422.75763962,4.0,8,25,73445.63052778927,196302.91953516152
4.5,4154904,108200206.69610485,4.5,8,24,83784.76859838849,232382.2546285099
