safety_threshold,total_dwt,total_cost_usd,avg_safety_score,num_unique_main_engine_fuel_types,fleet_size,total_fuel_tonnes,total_co2e_tonnes
2.5,11541220,0.0,3.8846153846153846,8,78,309550.28925495886,0.0
3.0,11541220,0.0,3.8846153846153846,8,78,309550.28925495886,0.0
3.5,7268888,0.0,4.38,8,50,199005.64941947215,0.0
4.0,7268888,0.0,4.38,8,50,199005.64941947215,0.0
4.5,4236918,0.0,4.576923076923077,8,26,115852.79516086756,0.0
