safety_threshold,total_cost_usd,total_co2e_tonnes,fleet_size,avg_safety_score,total_dwt,total_fuel_tonnes,total_fuel_cost,total_carbon_cost,total_capex,total_risk_premium
2.5,20765142.645192135,11755.80055165016,22,4.0,4580084,4629.781880915527,3459759.154229217,940464.0441320129,16821545.9825,-456626.5356690989
3.0,20765142.645192135,11755.80055165016,22,4.0,4580084,4629.781880915527,3459759.154229217,940464.0441320129,16821545.9825,-456626.5356690989
3.5,20765142.645192135,11755.80055165016,22,4.0,4580084,4629.781880915527,3459759.154229217,940464.0441320129,16821545.9825,-456626.5356690989
4.0,20765142.645192135,11755.80055165016,22,4.0,4580084,4629.781880915527,3459759.154229217,940464.0441320129,16821545.9825,-456626.5356690989
4.5,20765142.645192135,11755.80055165016,22,4.0,4580084,4629.781880915527,3459759.154229217,940464.0441320129,16821545.9825,-456626.5356690989
