safety_threshold,total_cost_usd,total_co2e_tonnes,fleet_size,avg_safety_score,total_dwt,total_fuel_tonnes,total_fuel_cost,total_carbon_cost,total_capex,total_risk_premium
2.5,19706493.720250208,13095.277228879193,21,3.238095238095238,4577756,4599.573706888357,3332168.2390725464,1047622.1783103356,15203370.8625,123332.44036732454
3.0,19706493.720250208,13095.277228879193,21,3.238095238095238,4577756,4599.573706888357,3332168.2390725464,1047622.1783103356,15203370.8625,123332.44036732454
3.5,19831197.09781216,13011.099426563176,22,3.5,4577367,4641.55909030421,3419615.890714031,1040887.9541250542,15459875.070833333,-89181.81786025644
4.0,20763959.77945472,12152.669033848799,22,4.0,4578979,4451.3266169675235,3394644.6121755503,972213.5227079042,16830340.4125,-433238.7679287392
4.5,23251571.47327623,12585.144290808848,26,4.5,4577948,4940.502768737318,3702256.092441212,1006811.543264708,19378526.505,-836022.6674296875
